<?xml version="1.0" encoding="UTF-8"?>
<project-private xmlns="http://www.netbeans.org/ns/project-private/1">
    <editor-bookmarks xmlns="http://www.netbeans.org/ns/editor-bookmarks/2" lastBookmarkId="0"/>
    <open-files xmlns="http://www.netbeans.org/ns/projectui-open-files/2">
        <group>
            <file>file:/D:\Projects\freeCodeGram2/resources/views/layouts/app.blade.php</file>
            <file>file:/D:\Projects\freeCodeGram2/app/Http/Controllers/Auth/LoginController.php</file>
            <file>file:/D:\Projects\freeCodeGram2/.env</file>
            <file>file:/D:\Projects\freeCodeGram2/app/Http/Controllers/ProfilesController.php</file>
            <file>file:/D:\Projects\freeCodeGram2/app/Http/Controllers/PostsController.php</file>
            <file>file:/D:\Projects\freeCodeGram2/routes/api.php</file>
            <file>file:/D:\Projects\freeCodeGram2/app/User.php</file>
            <file>file:/D:\Projects\freeCodeGram2/routes/web.php</file>
            <file>file:/D:\Projects\freeCodeGram2/resources/views/profiles/index.blade.php</file>
            <file>file:/D:\Projects\freeCodeGram2/app/Http/Controllers/Auth/RegisterController.php</file>
            <file>file:/D:\Projects\freeCodeGram2/resources/views/auth/register.blade.php</file>
        </group>
    </open-files>
</project-private>
